Warning: Using a password on the command line interface can be insecure.
--------------
SELECT * FROM passenger
--------------

Empty set (0.00 sec)

--------------
INSERT INTO passenger values("11", "Homer", "Simpson")
--------------

Query OK, 1 row affected (0.02 sec)

--------------
INSERT INTO passenger values("22", "Marge", "Simpson")
--------------

Query OK, 1 row affected (0.01 sec)

--------------
INSERT INTO passenger values("33", "Bart", "Simpson")
--------------

Query OK, 1 row affected (0.02 sec)

--------------
INSERT INTO passenger values("34", "Lisa", "Simpson")
--------------

Query OK, 1 row affected (0.18 sec)

--------------
INSERT INTO passenger values("35", "Maggie", "Simpson")
--------------

Query OK, 1 row affected (0.01 sec)

--------------
INSERT INTO passenger values("44", "Ned", "Flanders")
--------------

Query OK, 1 row affected (0.04 sec)

--------------
INSERT INTO passenger values("45", "Todd", "Flanders")
--------------

Query OK, 1 row affected (0.00 sec)

--------------
INSERT INTO passenger values("66", "Heidi", "Klum")
--------------

Query OK, 1 row affected (0.02 sec)

--------------
INSERT INTO passenger values("77", "Michael", "Scott")
--------------

Query OK, 1 row affected (0.01 sec)

--------------
INSERT INTO passenger values("78", "Dwight", "Schrute")
--------------

Query OK, 1 row affected (0.01 sec)

--------------
INSERT INTO passenger values("79", "Pam", "Beesly")
--------------

Query OK, 1 row affected (0.00 sec)

--------------
INSERT INTO passenger values("80", "Creed", "Bratton")
--------------

Query OK, 1 row affected (0.01 sec)

--------------
INSERT INTO passenger values("99", "Edward", "Elric")
--------------

Query OK, 1 row affected (0.02 sec)

--------------
SELECT * FROM passenger
--------------

+-------------+---------+----------+
| passengerid | fname   | lname    |
+-------------+---------+----------+
|          11 | Homer   | Simpson  |
|          22 | Marge   | Simpson  |
|          33 | Bart    | Simpson  |
|          34 | Lisa    | Simpson  |
|          35 | Maggie  | Simpson  |
|          44 | Ned     | Flanders |
|          45 | Todd    | Flanders |
|          66 | Heidi   | Klum     |
|          77 | Michael | Scott    |
|          78 | Dwight  | Schrute  |
|          79 | Pam     | Beesly   |
|          80 | Creed   | Bratton  |
|          99 | Edward  | Elric    |
+-------------+---------+----------+
13 rows in set (0.00 sec)

--------------
SELECT * FROM passport
--------------

Empty set (0.01 sec)

--------------
INSERT INTO passport values("US10", "USA", "2025-01-01", "1970-02-19", "11")
--------------

Query OK, 1 row affected (0.00 sec)

--------------
INSERT INTO passport values("US12", "USA", "2025-01-01", "1972-08-12", "22")
--------------

Query OK, 1 row affected (0.01 sec)

--------------
INSERT INTO passport values("US13", "USA", "2025-01-01", "2001-05-12", "33")
--------------

Query OK, 1 row affected (0.01 sec)

--------------
INSERT INTO passport values("US14", "USA", "2025-01-01", "2004-03-19", "34")
--------------

Query OK, 1 row affected (0.02 sec)

--------------
INSERT INTO passport values("US15", "USA", "2025-01-01", "2012-09-17", "35")
--------------

Query OK, 1 row affected (0.01 sec)

--------------
INSERT INTO passport values("US22", "USA", "2030-04-04", "1950-06-11", "44")
--------------

Query OK, 1 row affected (0.01 sec)

--------------
INSERT INTO passport values("US23", "USA", "2018-03-03", "1940-06-24", "45")
--------------

Query OK, 1 row affected (0.01 sec)

--------------
INSERT INTO passport values("GE11", "Germany", "2027-01-01", "1970-07-12", "66")
--------------

Query OK, 1 row affected (0.00 sec)

--------------
INSERT INTO passport values("US88", "Canada", "2020-02-13", "1970-04-25", "77")
--------------

Query OK, 1 row affected (0.01 sec)

--------------
INSERT INTO passport values("US89", "Canada", "2022-02-02", "1976-04-08", "78")
--------------

Query OK, 1 row affected (0.01 sec)

--------------
INSERT INTO passport values("US90", "Italy", "2020-02-28", "1980-04-04", "79")
--------------

Query OK, 1 row affected (0.01 sec)

--------------
INSERT INTO passport values("US91", "Germany", "2030-01-01", "1959-02-02", "80")
--------------

Query OK, 1 row affected (0.01 sec)

--------------
INSERT INTO passport values("AM01", "Amestris", "2025-01-01", "1899-02-03", "99")
--------------

Query OK, 1 row affected (0.00 sec)

--------------
SELECT * FROM passport
--------------

+------------+----------+------------+------------+-------------+
| passportno | country  | expirydate | birthdate  | passengerid |
+------------+----------+------------+------------+-------------+
| AM01       | Amestris | 2025-01-01 | 1899-02-03 |          99 |
| GE11       | Germany  | 2027-01-01 | 1970-07-12 |          66 |
| US10       | USA      | 2025-01-01 | 1970-02-19 |          11 |
| US12       | USA      | 2025-01-01 | 1972-08-12 |          22 |
| US13       | USA      | 2025-01-01 | 2001-05-12 |          33 |
| US14       | USA      | 2025-01-01 | 2004-03-19 |          34 |
| US15       | USA      | 2025-01-01 | 2012-09-17 |          35 |
| US22       | USA      | 2030-04-04 | 1950-06-11 |          44 |
| US23       | USA      | 2018-03-03 | 1940-06-24 |          45 |
| US88       | Canada   | 2020-02-13 | 1970-04-25 |          77 |
| US89       | Canada   | 2022-02-02 | 1976-04-08 |          78 |
| US90       | Italy    | 2020-02-28 | 1980-04-04 |          79 |
| US91       | Germany  | 2030-01-01 | 1959-02-02 |          80 |
+------------+----------+------------+------------+-------------+
13 rows in set (0.00 sec)

--------------
SELECT * FROM bus
--------------

Empty set (0.01 sec)

--------------
LOAD DATA LOCAL INFILE 'loaddatafall2021.txt' INTO TABLE bus FIELDS TERMINATED BY ','
--------------

Query OK, 8 rows affected (0.00 sec)
Records: 8  Deleted: 0  Skipped: 0  Warnings: 0

--------------
SELECT * FROM bus
--------------

+--------------+----------+
| licenseplate | capacity |
+--------------+----------+
| CAND123      |       50 |
| TAXI111      |        4 |
| TAXI222      |        3 |
| TAXI333      |        4 |
| UWO1122      |       70 |
| UWO3311      |       62 |
| VAN1111      |       10 |
| VAN2222      |       15 |
+--------------+----------+
8 rows in set (0.00 sec)

--------------
SELECT * FROM bustrip
--------------

Empty set (0.03 sec)

--------------
INSERT INTO bustrip values("1", "Castles of Germany", "2022-01-01", "2022-01-17", "Germany", "VAN1111")
--------------

Query OK, 1 row affected (0.01 sec)

--------------
INSERT INTO bustrip values("2", "Tuscany Sunsets", "2022-03-03", "2022-03-14", "Italy", "TAXI222")
--------------

Query OK, 1 row affected (0.01 sec)

--------------
INSERT INTO bustrip values("3", "California Wines", "2022-05-05", "2022-05-10", "USA", "VAN2222")
--------------

Query OK, 1 row affected (0.00 sec)

--------------
INSERT INTO bustrip values("4", "Beaches Galore", "2022-04-04", "2022-04-14", "Bermuda", "TAXI222")
--------------

Query OK, 1 row affected (0.01 sec)

--------------
INSERT INTO bustrip values("5", "Cottage Country", "2022-06-01", "2022-06-22", "Canada", "CAND123")
--------------

Query OK, 1 row affected (0.01 sec)

--------------
INSERT INTO bustrip values("6", "Arrivaderci Roma", "2022-07-05", "2022-07-15", "Italy", "TAXI111")
--------------

Query OK, 1 row affected (0.01 sec)

--------------
INSERT INTO bustrip values("7", "Shetland and Orkney", "2022-09-09", "2022-09-29", "UK", "TAXI111")
--------------

Query OK, 1 row affected (0.01 sec)

--------------
INSERT INTO bustrip values("8", "Disney World and Sea World", "2022-06-10", "2022-06-20", "USA", "VAN2222")
--------------

Query OK, 1 row affected (0.00 sec)

--------------
INSERT INTO bustrip values("9", "Merlion Vacation", "2022-07-01", "2022-07-15", "Singapore", "CAND123")
--------------

Query OK, 1 row affected (0.01 sec)

--------------
INSERT INTO bustrip values("10", "A Trip To Spider Land", "2022-08-01", "2022-08-15", "Australia", "TAXI333")
--------------

Query OK, 1 row affected (0.01 sec)

--------------
SELECT * FROM bustrip
--------------

+--------+----------------------------+------------+------------+--------------+--------------+
| tripid | tripname                   | startdate  | enddate    | visitcountry | licenseplate |
+--------+----------------------------+------------+------------+--------------+--------------+
|      1 | Castles of Germany         | 2022-01-01 | 2022-01-17 | Germany      | VAN1111      |
|      2 | Tuscany Sunsets            | 2022-03-03 | 2022-03-14 | Italy        | TAXI222      |
|      3 | California Wines           | 2022-05-05 | 2022-05-10 | USA          | VAN2222      |
|      4 | Beaches Galore             | 2022-04-04 | 2022-04-14 | Bermuda      | TAXI222      |
|      5 | Cottage Country            | 2022-06-01 | 2022-06-22 | Canada       | CAND123      |
|      6 | Arrivaderci Roma           | 2022-07-05 | 2022-07-15 | Italy        | TAXI111      |
|      7 | Shetland and Orkney        | 2022-09-09 | 2022-09-29 | UK           | TAXI111      |
|      8 | Disney World and Sea World | 2022-06-10 | 2022-06-20 | USA          | VAN2222      |
|      9 | Merlion Vacation           | 2022-07-01 | 2022-07-15 | Singapore    | CAND123      |
|     10 | A Trip To Spider Land      | 2022-08-01 | 2022-08-15 | Australia    | TAXI333      |
+--------+----------------------------+------------+------------+--------------+--------------+
10 rows in set (0.00 sec)

--------------
SELECT * FROM tripbooking
--------------

Empty set (0.00 sec)

--------------
INSERT INTO tripbooking values("11", "1", "500")
--------------

Query OK, 1 row affected (0.01 sec)

--------------
INSERT INTO tripbooking values("22", "1", "500")
--------------

Query OK, 1 row affected (0.01 sec)

--------------
INSERT INTO tripbooking values("33", "1", "200")
--------------

Query OK, 1 row affected (0.03 sec)

--------------
INSERT INTO tripbooking values("34", "1", "200")
--------------

Query OK, 1 row affected (0.00 sec)

--------------
INSERT INTO tripbooking values("35", "1", "200")
--------------

Query OK, 1 row affected (0.01 sec)

--------------
INSERT INTO tripbooking values("66", "1", "600.99")
--------------

Query OK, 1 row affected (0.01 sec)

--------------
INSERT INTO tripbooking values("44", "8", "400")
--------------

Query OK, 1 row affected (0.01 sec)

--------------
INSERT INTO tripbooking values("45", "8", "200")
--------------

Query OK, 1 row affected (0.01 sec)

--------------
INSERT INTO tripbooking values("78", "4", "600")
--------------

Query OK, 1 row affected (0.01 sec)

--------------
INSERT INTO tripbooking values("80", "4", "600")
--------------

Query OK, 1 row affected (0.01 sec)

--------------
INSERT INTO tripbooking values("78", "1", "550")
--------------

Query OK, 1 row affected (0.01 sec)

--------------
INSERT INTO tripbooking values("33", "8", "300")
--------------

Query OK, 1 row affected (0.00 sec)

--------------
INSERT INTO tripbooking values("34", "8", "300")
--------------

Query OK, 1 row affected (0.01 sec)

--------------
INSERT INTO tripbooking values("11", "6", "600")
--------------

Query OK, 1 row affected (0.01 sec)

--------------
INSERT INTO tripbooking values("22", "6", "600")
--------------

Query OK, 1 row affected (0.01 sec)

--------------
INSERT INTO tripbooking values("33", "6", "100")
--------------

Query OK, 1 row affected (0.07 sec)

--------------
INSERT INTO tripbooking values("34", "6", "100")
--------------

Query OK, 1 row affected (0.01 sec)

--------------
INSERT INTO tripbooking values("35", "6", "100")
--------------

Query OK, 1 row affected (0.01 sec)

--------------
INSERT INTO tripbooking values("11", "7", "300")
--------------

Query OK, 1 row affected (0.00 sec)

--------------
INSERT INTO tripbooking values("44", "7", "400")
--------------

Query OK, 1 row affected (0.00 sec)

--------------
INSERT INTO tripbooking values("77", "7", "500")
--------------

Query OK, 1 row affected (0.01 sec)

--------------
INSERT INTO tripbooking values("99", "10", "399")
--------------

Query OK, 1 row affected (0.02 sec)

--------------
SELECT * FROM tripbooking
--------------

+-------------+--------+------+
| passengerid | tripid | cost |
+-------------+--------+------+
|          11 |      1 |  500 |
|          22 |      1 |  500 |
|          33 |      1 |  200 |
|          34 |      1 |  200 |
|          35 |      1 |  200 |
|          66 |      1 |  601 |
|          78 |      1 |  550 |
|          78 |      4 |  600 |
|          80 |      4 |  600 |
|          11 |      6 |  600 |
|          22 |      6 |  600 |
|          33 |      6 |  100 |
|          34 |      6 |  100 |
|          35 |      6 |  100 |
|          11 |      7 |  300 |
|          44 |      7 |  400 |
|          77 |      7 |  500 |
|          33 |      8 |  300 |
|          34 |      8 |  300 |
|          44 |      8 |  400 |
|          45 |      8 |  200 |
|          99 |     10 |  399 |
+-------------+--------+------+
22 rows in set (0.00 sec)

--------------
SELECT * FROM passport
--------------

+------------+----------+------------+------------+-------------+
| passportno | country  | expirydate | birthdate  | passengerid |
+------------+----------+------------+------------+-------------+
| AM01       | Amestris | 2025-01-01 | 1899-02-03 |          99 |
| GE11       | Germany  | 2027-01-01 | 1970-07-12 |          66 |
| US10       | USA      | 2025-01-01 | 1970-02-19 |          11 |
| US12       | USA      | 2025-01-01 | 1972-08-12 |          22 |
| US13       | USA      | 2025-01-01 | 2001-05-12 |          33 |
| US14       | USA      | 2025-01-01 | 2004-03-19 |          34 |
| US15       | USA      | 2025-01-01 | 2012-09-17 |          35 |
| US22       | USA      | 2030-04-04 | 1950-06-11 |          44 |
| US23       | USA      | 2018-03-03 | 1940-06-24 |          45 |
| US88       | Canada   | 2020-02-13 | 1970-04-25 |          77 |
| US89       | Canada   | 2022-02-02 | 1976-04-08 |          78 |
| US90       | Italy    | 2020-02-28 | 1980-04-04 |          79 |
| US91       | Germany  | 2030-01-01 | 1959-02-02 |          80 |
+------------+----------+------------+------------+-------------+
13 rows in set (0.00 sec)

--------------
UPDATE passport SET country = "Germany" WHERE passengerid = (SELECT passengerid FROM passenger WHERE fname = "Dwight" AND lname = "Schrute")
--------------

Query OK, 1 row affected (0.01 sec)
Rows matched: 1  Changed: 1  Warnings: 0

--------------
SELECT * FROM passport
--------------

+------------+----------+------------+------------+-------------+
| passportno | country  | expirydate | birthdate  | passengerid |
+------------+----------+------------+------------+-------------+
| AM01       | Amestris | 2025-01-01 | 1899-02-03 |          99 |
| GE11       | Germany  | 2027-01-01 | 1970-07-12 |          66 |
| US10       | USA      | 2025-01-01 | 1970-02-19 |          11 |
| US12       | USA      | 2025-01-01 | 1972-08-12 |          22 |
| US13       | USA      | 2025-01-01 | 2001-05-12 |          33 |
| US14       | USA      | 2025-01-01 | 2004-03-19 |          34 |
| US15       | USA      | 2025-01-01 | 2012-09-17 |          35 |
| US22       | USA      | 2030-04-04 | 1950-06-11 |          44 |
| US23       | USA      | 2018-03-03 | 1940-06-24 |          45 |
| US88       | Canada   | 2020-02-13 | 1970-04-25 |          77 |
| US89       | Germany  | 2022-02-02 | 1976-04-08 |          78 |
| US90       | Italy    | 2020-02-28 | 1980-04-04 |          79 |
| US91       | Germany  | 2030-01-01 | 1959-02-02 |          80 |
+------------+----------+------------+------------+-------------+
13 rows in set (0.00 sec)

--------------
SELECT * FROM bustrip
--------------

+--------+----------------------------+------------+------------+--------------+--------------+
| tripid | tripname                   | startdate  | enddate    | visitcountry | licenseplate |
+--------+----------------------------+------------+------------+--------------+--------------+
|      1 | Castles of Germany         | 2022-01-01 | 2022-01-17 | Germany      | VAN1111      |
|      2 | Tuscany Sunsets            | 2022-03-03 | 2022-03-14 | Italy        | TAXI222      |
|      3 | California Wines           | 2022-05-05 | 2022-05-10 | USA          | VAN2222      |
|      4 | Beaches Galore             | 2022-04-04 | 2022-04-14 | Bermuda      | TAXI222      |
|      5 | Cottage Country            | 2022-06-01 | 2022-06-22 | Canada       | CAND123      |
|      6 | Arrivaderci Roma           | 2022-07-05 | 2022-07-15 | Italy        | TAXI111      |
|      7 | Shetland and Orkney        | 2022-09-09 | 2022-09-29 | UK           | TAXI111      |
|      8 | Disney World and Sea World | 2022-06-10 | 2022-06-20 | USA          | VAN2222      |
|      9 | Merlion Vacation           | 2022-07-01 | 2022-07-15 | Singapore    | CAND123      |
|     10 | A Trip To Spider Land      | 2022-08-01 | 2022-08-15 | Australia    | TAXI333      |
+--------+----------------------------+------------+------------+--------------+--------------+
10 rows in set (0.00 sec)

--------------
UPDATE bustrip SET licenseplate = "VAN1111" WHERE visitcountry = "USA"
--------------

Query OK, 2 rows affected (0.01 sec)
Rows matched: 2  Changed: 2  Warnings: 0

--------------
SELECT * FROM bustrip
--------------

+--------+----------------------------+------------+------------+--------------+--------------+
| tripid | tripname                   | startdate  | enddate    | visitcountry | licenseplate |
+--------+----------------------------+------------+------------+--------------+--------------+
|      1 | Castles of Germany         | 2022-01-01 | 2022-01-17 | Germany      | VAN1111      |
|      2 | Tuscany Sunsets            | 2022-03-03 | 2022-03-14 | Italy        | TAXI222      |
|      3 | California Wines           | 2022-05-05 | 2022-05-10 | USA          | VAN1111      |
|      4 | Beaches Galore             | 2022-04-04 | 2022-04-14 | Bermuda      | TAXI222      |
|      5 | Cottage Country            | 2022-06-01 | 2022-06-22 | Canada       | CAND123      |
|      6 | Arrivaderci Roma           | 2022-07-05 | 2022-07-15 | Italy        | TAXI111      |
|      7 | Shetland and Orkney        | 2022-09-09 | 2022-09-29 | UK           | TAXI111      |
|      8 | Disney World and Sea World | 2022-06-10 | 2022-06-20 | USA          | VAN1111      |
|      9 | Merlion Vacation           | 2022-07-01 | 2022-07-15 | Singapore    | CAND123      |
|     10 | A Trip To Spider Land      | 2022-08-01 | 2022-08-15 | Australia    | TAXI333      |
+--------+----------------------------+------------+------------+--------------+--------------+
10 rows in set (0.00 sec)

Bye
